text,category
Liverpool defeats Manchester United 3-1 in the Premier League match. The victory secures their position at the top of the table.,Sports
Tennis champion Novak Djokovic wins the Australian Open after a thrilling five-set match against Matteo Berrettini.,Sports
NBA Finals: Golden State Warriors claim their fourth championship in five years with a dominant performance.,Sports
Cricket: India's cricket team wins the test series against Australia with an impressive victory in the final match.,Sports
Formula 1: Lewis Hamilton sets a new track record at Monaco Grand Prix qualifying session.,Sports
Football: Argentina wins the Copa America final against Brazil in a penalty shootout.,Sports
NFL: Kansas City Chiefs become Super Bowl champions after defeating San Francisco 49ers.,Sports
New legislation passes Congress with bipartisan support for infrastructure development worth $1 trillion.,Politics
Presidential election campaign heats up as candidates debate key policy issues in televised debate.,Politics
Parliament approves new climate change bill aimed at reducing carbon emissions by 50% by 2030.,Politics
Prime Minister announces new economic policy focusing on job creation and small business support.,Politics
Senate confirms new Supreme Court Justice after contentious hearings and votes.,Politics
Trade negotiations between US and EU conclude with new agreement on tariffs.,Politics
Government announces new immigration reform policy amid ongoing political debate.,Politics
Apple releases new iPhone 15 with advanced AI features and improved camera system.,Technology
"OpenAI unveils GPT-5, a breakthrough in artificial intelligence with improved reasoning capabilities.",Technology
Tesla announces new battery technology that doubles electric vehicle range.,Technology
Meta launches new virtual reality headset designed for metaverse applications.,Technology
Microsoft releases Windows 12 with integrated AI assistant and improved performance.,Technology
Google announces quantum computing breakthrough solving previously unsolvable problems.,Technology
Semiconductor shortage eases as chip manufacturers increase production capacity.,Technology
Oscars 2024: Avatar 3 wins Best Picture in historic ceremony honoring cinema.,Entertainment
Taylor Swift announces world tour with record-breaking ticket sales in one day.,Entertainment
Netflix releases highly anticipated series that breaks viewing records on opening day.,Entertainment
New James Bond film exceeds box office expectations with $700 million worldwide earnings.,Entertainment
Music festival lineup announced featuring top international artists and performers.,Entertainment
Grammy Awards: Beyonce wins multiple awards including Album of the Year.,Entertainment
Disney releases new animated film that becomes highest-grossing movie of the quarter.,Entertainment
Stock market reaches all-time high as major indices post strong quarterly gains.,Business
Tech startup raises $500 million in Series C funding at $2 billion valuation.,Business
Microsoft and Google announce strategic partnership for cloud computing services.,Business
Corporate earnings beat analyst expectations with strong revenue growth reported.,Business
Oil prices surge following OPEC announcement of production cuts.,Business
Cryptocurrency market experiences volatility as Bitcoin price fluctuates dramatically.,Business
Major merger deal announced between two Fortune 500 companies for $50 billion.,Business
FDA approves breakthrough cancer drug showing 90% efficacy in clinical trials.,Health
New study reveals exercise and meditation reduce anxiety and depression significantly.,Health
Health officials warn of new virus variant spreading across multiple countries.,Health
Pharmaceutical company announces vaccine for Alzheimer's disease with promising results.,Health
WHO declares global health emergency as disease outbreak spreads internationally.,Health
Mental health awareness campaign launched to address rising depression rates.,Health
Hospital implements new AI diagnostic system improving accuracy of disease detection.,Health
Scientists discover new species of deep-sea creature in Arctic waters.,Science
SpaceX successfully launches satellite to expand global internet coverage.,Science
Researchers discover ancient fossils proving new evolutionary pathway.,Science
Climate scientists publish report showing acceleration of global warming trends.,Science
Physicists achieve breakthrough in quantum computing research at CERN.,Science
Astronomers detect radio signals from distant galaxy suggesting possible life.,Science
Biologists unlock DNA secrets of longevity in centenarians through new research.,Science
