text,category
Stock market rises as investor confidence grows.,Business
Company announces record profits and expansion plans.,Business
Economic indicators show growth in manufacturing sector.,Business
New AI breakthrough revolutionizes machine learning.,Technology
Tech giant releases latest smartphone with advanced features.,Technology
Cybersecurity firm reports increase in hacking attempts.,Technology
Championship game ends in thrilling overtime victory.,Sports
Olympic athlete breaks world record in swimming.,Sports
Football team wins playoff series with perfect season.,Sports
Movie premiere attended by celebrities and fans.,Entertainment
Music festival features top artists and bands.,Entertainment
Award ceremony celebrates entertainment industry.,Entertainment
New legislation passes in parliament debate.,Politics
Presidential election campaigns intensify.,Politics
Government announces policy on taxation reform.,Politics
Medical researchers discover new treatment for disease.,Health
Health organization reports on fitness and wellness.,Health
Hospital announces advanced surgical techniques.,Health
Scientists make breakthrough in quantum physics.,Science
Space agency launches new research mission.,Science
Environmental study reveals climate change data.,Science
International summit discusses global cooperation.,World
Countries sign trade agreement for mutual benefit.,World
World leaders meet to address humanitarian crisis.,World
Fashion week showcases latest designer collections.,Lifestyle
Travel guide recommends top vacation destinations.,Lifestyle
Home improvement tips for modern living.,Lifestyle
University announces new scholarship program.,Education
Educational technology improves learning outcomes.,Education
School district implements curriculum reforms.,Education
Court rules on important constitutional matter.,Legal
New law enforcement policy implemented.,Legal
Legal experts debate recent legislation.,Legal
Banking sector reports quarterly earnings.,Finance
Investment firm launches new mutual fund.,Finance
Financial advisors recommend portfolio strategies.,Finance
